Metric,Average
Acc-I-4,0.042600000000000006
Com-I-1-DevA,0.0035000000000000005
Com-I-5,1.0
Con-I-2-DevB,0.0179
Con-I-3,1.0122
Con-I-4-DevC,0.3
