Metric,Presence Average
1 Motivation,0.8095238095238096
2 Composition,0.25510204081632654
3 Collection processes,0.24489795918367355
4 Data processing procedures,0.4285714285714284
5 Uses,0.3428571428571429
6 Maintenance,0.34693877551020424
Overall,0.33699633699633685
