Metric,Presence Average
1 Motivation,0.8333333333333335
2 Composition,0.3214285714285715
3 Collection processes,0.28571428571428575
4 Data processing procedures,0.41666666666666646
5 Uses,0.325
6 Maintenance,0.3214285714285716
Overall,0.362179487179487
